Counter, Supernova name, aka., Time period / Discovery date, TNS report, Notes / Links
1021,AT 2022xna,,28 Nov 2022,N,
1020,AT 2022abxh,PS22mbe,28 Nov 2022,N,
1019,AT 2022abuf,,28 Nov 2022,N,
1018,AT 2022abcf,,28 Nov 2022,N,
1017,AT 2022abbn,,28 Nov 2022,N,
1016,AT 2022qqw,,28 Nov 2022,N,
1015,AT 2022aasi,,28 Nov 2022,N,
1014,AT 2022abfj,,24 Nov 2022,N,
1013,AT 2022aaxr,,24 Nov 2022,N,
1012,SN 2022xaw,,24 Nov 2022,N,Spectroscopic type: SN Ia
1011,AT 2022aayg,,24 Nov 2022,N,
1010,AT 2022zgv,,24 Nov 2022,N,
1009,AT 2022aahw,,24 Nov 2022,N,
1008,SN 2022yyc,,24 Nov 2022,N,Spectroscopic type: SN Ia
1007,AT 2022aaav,,24 Nov 2022,N,
1006,AT 2022aawf,,24 Nov 2022,N,
1005,AT 2022abam,,24 Nov 2022,N,
1004,AT 2022ytr,,24 Nov 2022,N,
1003,AT 2022xia,,24 Nov 2022,N,
1002,AT 2022xiq,,12 Nov 2022,N,
1001,AT 2022vgh,,09 Oct 2022,N,
1000,AT 2022wnp,PS22jql,07 Oct 2022,N,
999,AT 2022wnv,PS22jqt,07 Oct 2022,N,
998,AT 2022wow,PS22jrm,07 Oct 2022,N,
997,AT 2022uld,,07 Oct 2022,N,
996,AT 2022wnn,PS22jqj,07 Oct 2022,N,
995,AT 2022vzr,,07 Oct 2022,N,
994,AT 2022vvg,PS22jkg,07 Oct 2022,N,
993,AT 2022tzd,,07 Oct 2022,N,
992,AT 2022upw,,07 Oct 2022,N,
991,AT 2022pyu,,07 Oct 2022,N,
990,AT 2022sfm,,07 Oct 2022,N,
989,SN 2022vmk,PS22jgn,07 Oct 2022,N,Spectroscopic type: SN Ia
988,SN 2022tmo,,07 Oct 2022,N,Spectroscopic type: SN IIn
987,AT 2022oul,,07 Oct 2022,N,
986,AT 2022vva,PS22jjz,07 Oct 2022,N,
985,AT 2022wov,PS22jrl,07 Oct 2022,N,
984,AT 2022wot,PS22jri,07 Oct 2022,N,
983,AT 2022vzm,,07 Oct 2022,N,
982,AT 2022wig,,07 Oct 2022,N,
981,AT 2022vzz,,07 Oct 2022,N,
980,AT 2022vuv,PS22jju,07 Oct 2022,N,
979,AT 2022tms,,07 Oct 2022,N,
978,SN 2022wbo,,07 Oct 2022,N,Spectroscopic type: SN Ia
977,AT 2022wfv,,07 Oct 2022,N,
976,AT 2022woc,PS22jqx,07 Oct 2022,N,
975,AT 2022vmm,PS22jgp,07 Oct 2022,N,
974,AT 2022wnw,PS22jqv,07 Oct 2022,N,
973,AT 2022wos,PS22jrh,07 Oct 2022,N,
972,AT 2022wnu,PS22jqs,07 Oct 2022,N,
971,SN 2022uhm,,07 Oct 2022,N,Spectroscopic type: SN Ia
970,AT 2022vli,,07 Oct 2022,N,
969,AT 2022wpu,,07 Oct 2022,N,
968,AT 2022wtn,,07 Oct 2022,N,
967,AT 2022wgi,,07 Oct 2022,N,
966,AT 2022wns,PS22jqo,07 Oct 2022,N,
965,AT 2022vpx,PS22jib,07 Oct 2022,N,
964,AT 2022rbj,,07 Oct 2022,N,
963,AT 2022vqj,,07 Oct 2022,N,
962,AT 2022vmp,PS22jgs,07 Oct 2022,N,
961,AT 2022uxe,,06 Oct 2022,N,
960,AT 2022vvc,PS22jkb,05 Oct 2022,N,
959,AT 2022vlz,PS22jgg,05 Oct 2022,N,
958,AT 2022vvy,,05 Oct 2022,N,
957,AT 2022puo,,05 Oct 2022,N,
956,AT 2022vmd,,05 Oct 2022,N,
955,AT 2022wja,,05 Oct 2022,N,
954,AT 2022uxl,,05 Oct 2022,N,
953,AT 2022vxs,PS22jlg,04 Oct 2022,N,
952,SN 2022vea,,04 Oct 2022,N,Spectroscopic type: SN Ia
951,AT 2022vmd,PS22jgk,04 Oct 2022,N,
950,AT 2022uvw,,04 Oct 2022,N,
949,AT 2022tgg,,04 Oct 2022,N,
948,AT 2022wia,PS22jpd,04 Oct 2022,N,
947,AT 2022whw,PS22jou,04 Oct 2022,N,
946,AT 2022whx,PS22joy,04 Oct 2022,N,
945,AT 2022wbm,,04 Oct 2022,N,
944,AT 2022whz,PS22jpc,04 Oct 2022,N,
943,AT 2022uuc,,04 Oct 2022,N,
942,AT 2022wbd,,04 Oct 2022,N,
941,AT 2022vxn,PS22jlb,04 Oct 2022,N,
940,AT 2022vrs,,03 Oct 2022,N,
939,AT 2022sqj,,03 Oct 2022,N,
938,AT 2022wex,,03 Oct 2022,N,
937,AT 2022vpw,PS22jia,03 Oct 2022,N,
936,AT 2022ver,,03 Oct 2022,N,
935,AT 2022vxv,PS22jlk,03 Oct 2022,N,
934,AT 2022vxz,PS22jls,03 Oct 2022,N,
933,AT 2022vma,PS22jgh,03 Oct 2022,N,
932,AT 2022vjr,PS22jgc,03 Oct 2022,N,
931,AT 2022vvp,PS22jkq,03 Oct 2022,N,
930,AT 2022vmo,PS22jgr,03 Oct 2022,N,
929,AT 2022vjn,PS22jfw,03 Oct 2022,N,
928,AT 2022whi,,03 Oct 2022,N,
927,AT 2022vmn,PS22jgq,03 Oct 2022,N,
926,AT 2022vml,PS22jgo,03 Oct 2022,N,
925,AT 2022vyb,PS22jlw,03 Oct 2022,N,
924,AT 2022vwt,,02 Oct 2022,N,
923,AT 2022wmr,,02 Oct 2022,N,
922,AT 2022pgz,,02 Oct 2022,N,
921,SN 2022vrv,,02 Oct 2022,N,Spectroscopic type: SN Ia
920,AT 2022vmc,PS22jgj,02 Oct 2022,N,
919,AT 2022qiv,,02 Oct 2022,N,
918,SN 2022uop,,02 Oct 2022,N,Spectroscopic type: SN II
917,AT 2022vvl,PS22jkm,02 Oct 2022,N,
916,AT 2022wbl,,02 Oct 2022,N,
915,AT 2022vth,,02 Oct 2022,N,
914,AT 2022vuq,PS22jjp,02 Oct 2022,N,
913,AT 2022vut,PS22jjs,02 Oct 2022,N,
912,AT 2022vxu,PS22jlj,02 Oct 2022,N,
911,AT 2022vjt,PS22jgd,02 Oct 2022,N,
910,SN 2022suv,,02 Oct 2022,N,Spectroscopic type: SN Ia
909,AT 2022skn,,02 Oct 2022,N,
908,AT 2022tjh,,02 Oct 2022,N,
907,SN 2022uva,,01 Oct 2022,N,Spectroscopic type: SN IIb
906,AT 2022vnb,,01 Oct 2022,N,
905,SN 2022quh,,01 Oct 2022,N,Spectroscopic type: SN II
904,AT 2022tsi,,01 Oct 2022,N,
903,AT 2022wdc,,30 Sep 2022,N,
902,SN 2022rnn,,30 Sep 2022,N,Spectroscopic type: SN Ia
901,AT 2022vwb,,30 Sep 2022,N,
900,AT 2022oeb,,30 Sep 2022,N,
899,AT 2022qfc,,30 Sep 2022,N,
898,AT 2022vcb,PS22jby,28 Sep 2022,N,
897,AT 2022vcp,PS22jct,27 Sep 2022,N,
896,AT 2022vcw,PS22jdf,27 Sep 2022,N,
895,AT 2022ted,,27 Sep 2022,N,
894,AT 2022vfd,PS22jes,27 Sep 2022,N,
893,SN 2022ufp,,26 Sep 2022,N,Spectroscopic type: SN Ia
892,AT 2022ujw,,26 Sep 2022,N,
891,SN 2022ubr,,26 Sep 2022,N,Spectroscopic type: SN Ia
890,AT 2022vde,PS22jdu,26 Sep 2022,N,
889,AT 2022vcs,PS22jcw,26 Sep 2022,N,
888,AT 2022vcd,PS22jcb,26 Sep 2022,N,
887,AT 2022uuw,,26 Sep 2022,N,
886,AT 2022vcj,PS22jcj,26 Sep 2022,N,
885,AT 2022vcf,PS22jcd,26 Sep 2022,N,
884,AT 2022szv,,26 Sep 2022,N,
883,SN 2022vcz,PS22jdl,26 Sep 2022,N,Spectroscopic type: SN Ic-BL
882,AT 2022uvg,,26 Sep 2022,N,
881,AT 2022tdt,,26 Sep 2022,N,
880,AT 2022vcg,PS22jcf,26 Sep 2022,N,
879,AT 2022aql,,26 Sep 2022,N,
878,AT 2022vcu,PS22jcz,26 Sep 2022,N,
877,AT 2022omo,,26 Sep 2022,N,
876,SN 2022ujv,,26 Sep 2022,N,Spectroscopic type: SN Ia
875,AT 2022vdb,PS22jdn,26 Sep 2022,N,
874,AT 2022oer,,26 Sep 2022,N,
873,AT 2022vcc,PS22jbz,26 Sep 2022,N,
872,AT 2022uqz,,26 Sep 2022,N,
871,SN 2022ryo,,26 Sep 2022,N,Spectroscopic type: SN Ia
870,AT 2022nyu,,26 Sep 2022,N,
869,AT 2022vch,,26 Sep 2022,N,
868,AT 2022qyz,,26 Sep 2022,N,
867,SN 2022vcv,PS22jde,25 Sep 2022,N,Spectroscopic type: SN Ia-91T-like
866,AT 2022sph,,25 Sep 2022,N,
865,AT 2021sdg,,10 Sep 2022,N,
864,AT 2021vbs,PS21inp,10 Sep 2022,N,
863,AT 2021osh,,10 Sep 2022,N,
862,AT 2021tpe,,09 Sep 2022,N,
861,AT 2021tqv,,09 Sep 2022,N,
860,AT 2021wrw,PS21jkp,09 Sep 2022,N,
859,AT 2021uqp,,09 Sep 2022,N,
858,AT 2021vbf,,09 Sep 2022,N,
857,AT 2021srs,PS21hqc,08 Jul 2021,N,Since ~5th of Aug. '21 - no updates (2022-1-5)
856,AT 2021ssb,PS21hqq,08 Jul 2021,N,
855,AT 2021lzq,,08 Jul 2021,N,
854,AT 2021sso,PS21hri,08 Jul 2021,N,
853,AT 2021pjo,,08 Jul 2021,N,
852,AT 2021srn,PS21hpx,08 Jul 2021,N,
851,AT 2021sqr,PS21hpk,08 Jul 2021,N,
850,AT 2021squ,PS21hpn,08 Jul 2021,N,
849,AT 2021sid,,08 Jul 2021,N,
848,AT 2021sqi,PS21hpb,08 Jul 2021,N,
847,AT 2021sqh,PS21hpa,08 Jul 2021,N,
846,AT 2021ssj,PS21hrb,08 Jul 2021,N,
845,AT 2021srp,PS21hpz,08 Jul 2021,N,
844,AT 2021swu,,16 Jul 2021,N,
843,AT 2021trx,PS21ibk,16 Jul 2021,N,
842,AT 2021tsi,PS21ibl,16 Jul 2021,N,
841,AT 2021rew,,17 Jul 2021,N,
840,AT 2021tvg,,18 Jul 2021,N,
839,AT 2021obz,,15 Jun 2021,N,
838,AT 2021qoh,PS21gjl,15 Jun 2021,N,
837,AT 2021qsc,PS21gnh,15 Jun 2021,N,
836,SN 2021pat,PS21fhs,15 Jun 2021,N,Spectroscopic type: SN IIb
835,AT 2021qol,PS21gjp,15 Jun 2021,N,
834,AT 2021qsb,PS21gng,15 Jun 2021,N,
833,AT 2021oni,,15 Jun 2021,N,
832,AT 2021qsf,PS21gnl,15 Jun 2021,N,
831,AT 2021lzy,,15 Jun 2021,N,
830,AT 2021qrv,PS21gmu,15 Jun 2021,N,
829,AT 2021pim,,15 Jun 2021,N,
828,AT 2021qjz,PS21ged,15 Jun 2021,N,
827,AT 2021qqt,PS21glk,15 Jun 2021,N,
826,SN 2021lvc,,15 Jun 2021,N,Spectroscopic type: SN Ia
825,SN 2021nsi,,15 Jun 2021,N,Spectroscopic type: SN Ia
824,AT 2021qqj,PS21glc,15 Jun 2021,N,
823,AT 2021phv,PS21fkl,15 Jun 2021,N,
822,SN 2021ezt,,15 Jun 2021,N,Spectroscopic type: SN IIn
821,AT 2021qry,PS21gnb,15 Jun 2021,N,
820,AT 2021qqw,PS21gln,15 Jun 2021,N,
819,AT 2021lgg,,15 Jun 2021,N,
818,AT 2021qrx,PS21gna,15 Jun 2021,N,
817,AT 2021qrs,PS21gmq,15 Jun 2021,N,
816,AT 2021pzv,,15 Jun 2021,N,
815,AT 2021qpd,PS21gjr,15 Jun 2021,N,
814,AT 2021qrw,PS21gmv,15 Jun 2021,N,
813,AT 2021qrg,PS21glx,16 Jun 2021,N,
812,AT 2021qft,PS21fzm,16 Jun 2021,N,
811,AT 2021qfu,,16 Jun 2021,N,
810,SN 2021pia,PS21fkt,16 Jun 2021,N,Spectroscopic type: SN Ia
809,AT 2021qez,PS21fyq,16 Jun 2021,N,
808,AT 2021qrf,PS21glw,16 Jun 2021,N,
807,AT 2021qqs,PS21glj,16 Jun 2021,N,
806,AT 2021qod,PS21gjc,16 Jun 2021,N,
805,AT 2021qrd,PS21glu,16 Jun 2021,N,
804,AT 2021qph,PS21gjw,16 Jun 2021,N,
803,AT 2021qoi,PS21gjm,16 Jun 2021,N,
802,AT 2021qqe,PS21gky,16 Jun 2021,N,
801,AT 2021phu,PS21fka,17 Jun 2021,N,
800,AT 2021qpn,PS21gkd,17 Jun 2021,N,
799,AT 2021qpo,PS21gke,17 Jun 2021,N,
798,AT 2021qlz,PS21ggi,18 Jun 2021,N,
797,AT 2021qng,PS21ghz,18 Jun 2021,N,
796,AT 2021qno,PS21gib,18 Jun 2021,N,
795,AT 2021ptq,PS21fpt,18 Jun 2021,N,
794,AT 2021qpk,PS21gjz,18 Jun 2021,N,
793,AT 2021rbc,,18 Jun 2021,N,
792,AT 2021obu,,18 Jun 2021,N,
791,AT 2021plc,PS21fkz,18 Jun 2021,N,
790,AT 2021qnn,PS21gid,18 Jun 2021,N,
789,AT 2021qoj,PS21gjn,18 Jun 2021,N,
788,AT 2021qln,PS21gfv,18 Jun 2021,N,
787,AT 2021qlx,PS21ggg,18 Jun 2021,N,
786,AT 2021qog,PS21gjj,18 Jun 2021,N,
785,AT 2021qlv,PS21gge,18 Jun 2021,N,
784,AT 2021ocd,,18 Jun 2021,N,
783,AT 2021pmu,,18 Jun 2021,N,
782,AT 2021msr,,18 Jun 2021,N,
781,AT 2021qlm,PS21gfu,18 Jun 2021,N,
780,AT 2021qpl,PS21gka,18 Jun 2021,N,
779,AT 2021qjf,PS21gck,18 Jun 2021,N,
778,AT 2021lpd,,18 Jun 2021,N,
777,AT 2021qof,PS21gjg,20 Jun 2021,N,
776,AT 2021qpi,PS21gjx,23 Jun 2021,N,
775,AT 2021qrt,PS21gms,24 Jun 2021,N,
774,AT 2021qkm,PS21gfa,24 Jun 2021,N,
773,AT 2021rqu,PS21gyh,24 Jun 2021,N,
772,AT 2021nkh,,25 Jun 2021,N,
771,AT 2021pnr,,25 Jun 2021,N,
770,AT 2021rpf,PS21gwn,25 Jun 2021,N,
769,AT 2021ron,PS21gvo,25 Jun 2021,N,
768,AT 2020aepc,,25 Jun 2021,N,
767,AT 2021rpw,PS21gxi,26 Jun 2021,N,
766,AT 2021rpr,PS21gxd,26 Jun 2021,N,
765,AT 2021ruk,PS21hct,26 Jun 2021,N,
764,AT 2021plp,,26 Jun 2021,N,
763,AT 2021rnk,PS21gul,26 Jun 2021,N,
762,SN 2021mgc,,26 Jun 2021,N,Spectroscopic type: SN Ia
761,AT 2021rog,PS21gvh,26 Jun 2021,N,
760,AT 2021rtg,PS21hbi,26 Jun 2021,N,
759,AT 2021rwg,PS21het,26 Jun 2021,N,
758,AT 2021qar,,26 Jun 2021,N,
757,SN 2021qta,,26 Jun 2021,N,Spectroscopic type: SN Ia
756,AT 2021qzr,PS21gsm,26 Jun 2021,N,
755,AT 2021qwn,PS21gqh,26 Jun 2021,N,
754,AT 2021osb,,26 Jun 2021,N,
753,AT 2021rww,PS21hfl,26 Jun 2021,N,
752,AT 2021qux,,26 Jun 2021,N,
751,AT 2021rvf,PS21hdt,26 Jun 2021,N,
750,AT 2021rni,PS21guj,26 Jun 2021,N,
749,AT 2021pnz,,27 Jun 2021,N,
748,AT 2021rti,PS21hbl,27 Jun 2021,N,
747,AT 2021rpu,PS21gxg,27 Jun 2021,N,
746,AT 2021omz,,27 Jun 2021,N,
745,SN 2021pnp,,27 Jun 2021,N,Spectroscopic type: SN IIb
744,AT 2021onc,,05 Jun 2021,N,
743,AT 2021lih,,04 Jun 2021,N,
742,AT 2021ocv,,04 Jun 2021,N,
741,AT 2021gcb,,02 Jun 2021,N,
740,AT 2021nrr,,02 Jun 2021,N,
739,AT 2021nzf,,02 Jun 2021,N,
738,AT 2019pip,,02 Jun 2021,N,
737,AT 2021lnx,,02 Jun 2021,N,
736,AT 2020fqh,,30 May 2021,N,
735,SN 2020ackb,,30 May 2021,N,Spectroscopic type: SN IIP
734,SN 2021lwz,,25 May 2021,N,Spectroscopic type: SLSN-I
733,AT 2021lpb,,25 May 2021,N,
732,SN 2021hiz,,25 May 2021,N,Spectroscopic type: SN Ia
731,AT 2021mlz,PS21dve,25 May 2021,N,
730,SN 2021iso,,25 May 2021,N,Spectroscopic type: SN
729,AT 2021mxo,,25 May 2021,N,
728,AT 2021mup,PS21dxf,25 May 2021,N,
727,AT 2021liq,,25 May 2021,N,
726,SN 2021hji,,25 May 2021,N,Spectroscopic type: SN Ia
725,AT 2021mhi,,25 May 2021,N,
724,SN 2021lvg,,25 May 2021,N,Spectroscopic type: SN Ia
723,AT 2021joj,,25 May 2021,N,
722,AT 2021mps,PS21dwq,25 May 2021,N,
721,AT 2021nah,PS21eaj,25 May 2021,N,
720,SN 2021lxo,,25 May 2021,N,Spectroscopic type: SN Ia
719,AT 2021kxt,,25 May 2021,N,
718,AT 2021lsm,,25 May 2021,N,
717,AT 2021kdv,,25 May 2021,N,
716,AT 2021hwg,,25 May 2021,N,
715,SN 2021foj,,25 May 2021,N,Spectroscopic type: SN II
714,SN 2021mql,PS21dxc,25 May 2021,N,Spectroscopic type: SN Ia
713,AT 2021mhh,,24 May 2021,N,
712,SN 2021krf,,25 May 2021,N,Spectroscopic type: SN Ic-pec
711,AT 2021krq,,24 May 2021,N,
710,SN 2021kqj,,24 May 2021,N,Spectroscopic type: SN II
709,AT 2021luu,,24 May 2021,N,
708,AT 2021mbt,,24 May 2021,N,
707,SN 2021lzc,,24 May 2021,N,Spectroscopic type: SN Ia
706,SN 2021del,,24 May 2021,N,Spectroscopic type: SN Ia
705,AT 2021kxj,,24 May 2021,N,
704,SN 2021mfg,,24 May 2021,N,Spectroscopic type: SN Ia
703,AT 2021lev,,24 May 2021,N,
702,AT 2021lnu,,24 May 2021,N,
701,AT 2021lnl,,24 May 2021,N,
700,SN 2021dks,,24 May 2021,N,Spectroscopic type: SN Ia
699,AT 2021lws,,24 May 2021,N,
698,AT 2021ps,,24 May 2021,N,
697,SN 2021ixi,,24 May 2021,N,Spectroscopic type: SN Ia-91T-like
696,AT 2021mkv,,24 May 2021,N,
695,AT 2021lqv,,24 May 2021,N,
694,AT 2021kuc,,24 May 2021,N,
693,AT 2021mbp,,24 May 2021,N,
692,AT 2021mfp,PS21drz,24 May 2021,N,
691,AT 2021mpy,PS21dww,24 May 2021,N,
690,AT 2021ldp,,24 May 2021,N,
689,AT 2021lcu,,24 May 2021,N,
688,AT 2021mwz,,24 May 2021,N,
687,AT 2021mnl,PS21dvr,24 May 2021,N,
686,AT 2021lrd,,24 May 2021,N,
685,AT 2021irn,,24 May 2021,N,
684,AT 2021mkc,,24 May 2021,N,
683,SN 2020vck,,24 May 2021,N,Spectroscopic type: SN II
682,SN 2021inc,,24 May 2021,N,Spectroscopic type: SN II
681,AT 2021klu,,24 May 2021,N,
680,AT 2021kuz,,24 May 2021,N,
679,AT 2021lho,,24 May 2021,N,
678,AT 2021lgb,,24 May 2021,N,
677,AT 2021lgt,,24 May 2021,N,
676,AT 2021bbr,,24 May 2021,N,
675,SN 2021jzf,,24 May 2021,N,Spectroscopic type: SN Ia
674,AT 2021lgp,,24 May 2021,N,
673,AT 2021mio,PS21dsx,24 May 2021,N,
672,AT 2021avh,,24 May 2021,N,
671,AT 2021mrl,,24 May 2021,N,
670,AT 2021mnk,PS21dvq,24 May 2021,N,
669,AT 2021mpk,,24 May 2021,N,
668,AT 2021luv,,24 May 2021,N,
667,AT 2021ktt,,24 May 2021,N,
666,AT 2021kyi,,24 May 2021,N,
665,AT 2021lip,,24 May 2021,N,
664,SN 2021kvm,,24 May 2021,N,Spectroscopic type: SN Ia
663,AT 2021ihk,,23 May 2021,N,
662,SN 2021kxf,,23 May 2021,N,Spectroscopic type: SN Ia
661,AT 2021ipz,,23 May 2021,N,
660,SN 2021kpu,,23 May 2021,N,Spectroscopic type: SN Ia
659,AT 2021mgr,,23 May 2021,N,
658,AT 2021lhc,,23 May 2021,N,
657,AT 2021lcp,,23 May 2021,N,
656,AT 2021inp,,23 May 2021,N,
655,AT 2021kud,,23 May 2021,N,
654,AT 2021jpx,,23 May 2021,N,
653,AT 2021mrt,,23 May 2021,N,
652,AT 2019jjn,,23 May 2021,N,
651,SN 2021lmt,,23 May 2021,N,Spectroscopic type: SN II
650,AT 2021kfa,,23 May 2021,N,
649,SN 2021fnr,,23 May 2021,N,Spectroscopic type: SN Ia-91bg-like
648,AT 2021mac,PS21drr,23 May 2021,N,
647,SN 2021kqv,,21 May 2021,N,Spectroscopic type: SN IIn
646,SN 2020aere,,21 May 2021,N,Spectroscopic type: SN II
645,AT 2021kxy,,21 May 2021,N,
644,AT 2021lne,,21 May 2021,N,
643,AT 2021lms,PS21dop,21 May 2021,N,
642,AT 2021lgq,,21 May 2021,N,
641,SN 2021leb,,21 May 2021,N,Spectroscopic type: SN Ia
640,SN 2021kdz,,21 May 2021,N,Spectroscopic type: SN Ia
639,SN 2021jvy,,21 May 2021,N,Spectroscopic type: SN Ia
638,SN 2021kpw,,21 May 2021,N,Spectroscopic type: SN Ia
637,SN 2021dex,,22 May 2021,N,Spectroscopic type: SN IIb
636,AT 2021lhr,,22 May 2021,N,
635,AT 2021lca,,22 May 2021,N,
634,SN 2021knj,,22 May 2021,N,Spectroscopic type: SN Ia
633,AT 2021kst,,22 May 2021,N,
632,AT 2021kqq,,22 May 2021,N,
631,AT 2021kpo,,22 May 2021,N,
630,AT 2021llh,,22 May 2021,N,
629,SN 2021mab,PS21drq,22 May 2021,N,Spectroscopic type: SN Ia-91bg-like
628,SN 2021hwq,,22 May 2021,N,Spectroscopic type: SN Ia
627,AT 2021mao,,22 May 2021,N,
626,AT 2021mlq,,22 May 2021,N,
625,SN 2021kev,,22 May 2021,N,Spectroscopic type: SN Ib
624,AT 2021krs,,22 May 2021,N,
623,AT 2021mnr,,22 May 2021,N,
622,AT 2021ihg,,23 May 2021,N,
621,SN 2021kjh,,23 May 2021,N,Spectroscopic type: SN Ia
620,AT 2021ece,,23 May 2021,N,
619,AT 2021hac,,04 May 2021,N,
618,SN 2021kwa,PS21dls,05 May 2021,N,Spectroscopic type: SN Ia
617,SN 2021bn,,05 May 2021,N,Spectroscopic type: SN IIn
616,SN 2021kjj,,05 May 2021,N,Spectroscopic type: SN Ia
615,AT 2021kvt,PS21dmc,05 May 2021,N,
614,AT 2021lcy,,05 May 2021,N,
613,AT 2021klw,,05 May 2021,N,
612,AT 2021fty,,05 May 2021,N,
611,AT 2021kri,,05 May 2021,N,
610,AT 2021krx,,05 May 2021,N,
609,AT 2021ikc,,29 Apr 2021,N,
608,AT 2021jjo,,29 Apr 2021,N,
607,AT 2021gnx,,29 Apr 2021,N,
606,AT 2021kjo,,29 Apr 2021,N,
605,SN 2021jag,,29 Apr 2021,N,Spectroscopic type: SN Ia
604,AT 2021ixt,,29 Apr 2021,N,
603,SN 2021gmj,,29 Apr 2021,N,Spectroscopic type: SN II
602,AT 2021kop,PS21dlj,29 Apr 2021,N,
601,SN 2021jji,,29 Apr 2021,N,Spectroscopic type: SN Ia
600,SN 2021hlw,,29 Apr 2021,N,Spectroscopic type: SN Ia
599,AT 2021huv,,29 Apr 2021,N,
598,AT 2021kgz,,29 Apr 2021,N,
597,AT 2021jtg,,29 Apr 2021,N,
596,AT 2021iql,,29 Apr 2021,N,
595,AT 2021inv,,29 Apr 2021,N,
594,AT 2021jal,,29 Apr 2021,N,
593,SN 2021khm,,29 Apr 2021,N,Spectroscopic type: SN Ia
592,AT 2021lal,PS21dmy,29 Apr 2021,N,
591,SN 2021jac,,29 Apr 2021,N,Spectroscopic type: SN Ia
590,AT 2021gil,,29 Apr 2021,N,
589,SN 2021fpm,,29 Apr 2021,N,Spectroscopic type: SN Ia
588,AT 2021hos,,29 Apr 2021,N,
587,SN 2021hyt,,29 Apr 2021,N,Spectroscopic type: SN Ia
586,SN 2021jom,,29 Apr 2021,N,
585,AT 2021ixp,,29 Apr 2021,N,
584,AT 2021jor,,29 Apr 2021,N,
583,SN 2021czn,,29 Apr 2021,N,Spectroscopic type: SN Ia
582,AT 2021kiy,,29 Apr 2021,N,
581,AT 2021ihn,,29 Apr 2021,N,
580,AT 2021jzl,,29 Apr 2021,N,
579,AT 2021kzy,,29 Apr 2021,N,
578,AT 2021jtm,,29 Apr 2021,N,
577,AT 2021jsa,,29 Apr 2021,N,
576,AT 2021kbj,,27 Apr 2021,N,
575,AT 2021cry,,27 Apr 2021,N,
574,AT 2021ibi,,17 Apr 2021,N,
573,AT 2021fec,,17 Apr 2021,N,
572,AT 2021dkg,,17 Apr 2021,N,
571,AT 2021gyo,,17 Apr 2021,N,
570,SN 2021cdv,,17 Apr 2021,N,Spectroscopic type: SN II
569,SN 2021iys,,14 Apr 2021,N,Spectroscopic type: SN II
568,AT 2021ex,,14 Apr 2021,N,
567,AT 2021isr,,14 Apr 2021,N,
566,AT 2021gpo,,14 Apr 2021,N,
565,AT 2021ifu,,14 Apr 2021,N,
564,AT 2021jjr,,14 Apr 2021,N,
563,AT 2021gaz,,13 Apr 2021,N,
562,AT 2021fzr,,13 Apr 2021,N,
561,AT 2021gwr,,13 Apr 2021,N,
560,AT 2021fcp,,13 Apr 2021,N,
559,AT 2021hfs,,13 Apr 2021,N,
558,AT 2021izk,PS21daz,13 Apr 2021,N,
557,AT 2021idc,,13 Apr 2021,N,
556,AT 2021iss,,13 Apr 2021,N,
555,SN 2021ejn,,13 Apr 2021,N,Spectroscopic type: SN II
554,SN 2021fog,,13 Apr 2021,N,Spectroscopic type: SN
553,AT 2021fot,,13 Apr 2021,N,
552,AT 2021ebs,,13 Apr 2021,N,
551,AT 2021ikb,,13 Apr 2021,N,
550,AT 2021agt,,13 Apr 2021,N,
549,AT 2021eqa,,13 Apr 2021,N,
548,AT 2021hyp,,13 Apr 2021,N,
547,AT 2021ikm,,12 Apr 2021,N,
546,AT 2021gqa,,12 Apr 2021,N,
545,AT 2021hbe,,10 Apr 2021,N,
544,AT 2021inr,,10 Apr 2021,N,
543,AT 2021gwm,,10 Apr 2021,N,
542,AT 2021ive,PS21cxu,10 Apr 2021,N,
541,SN 2021dnl,,10 Apr 2021,N,Spectroscopic type: SN Ia
540,SN 2021fqp,,10 Apr 2021,N,Spectroscopic type: SN Ia
539,AT 2021iva,PS21cxq,10 Apr 2021,N,
538,AT 2021fxl,,10 Apr 2021,N,
537,AT 2021cbl,,10 Apr 2021,N,
536,SN 2020adqq,,10 Apr 2021,N,Spectroscopic type: SN Ia
535,SN 2020mjm,,10 Apr 2021,N,Spectroscopic type: SN II
534,AT 2021idu,,10 Apr 2021,N,
533,SN 2020acrr,,10 Apr 2021,N,Spectroscopic type: SN Ia
532,AT 2021gnl,,10 Apr 2021,N,
531,AT 2021hmp,,10 Apr 2021,N,
530,AT 2021ibb,,10 Apr 2021,N,
529,SN 2021akl,,10 Apr 2021,N,Spectroscopic type: SN Ia
528,AT 2021hye,,10 Apr 2021,N,
527,SN 2021gwa,,10 Apr 2021,N,Spectroscopic type: SN Ia
526,AT 2021hyy,,10 Apr 2021,N,
525,AT 2021ftc,,10 Apr 2021,N,
524,AT 2021ivl,PS21cyc,10 Apr 2021,N,
523,AT 2021ibw,,10 Apr 2021,N,
522,AT 2021hwb,,10 Apr 2021,N,
521,AT 2021iuc,PS21cxj,10 Apr 2021,N,
520,AT 2021hmy,,10 Apr 2021,N,
519,AT 2021iup,,10 Apr 2021,N,
518,AT 2021hru,,10 Apr 2021,N,
517,AT 2021ivg,PS21cxw,10 Apr 2021,N,
516,AT 2021dnc,,10 Apr 2021,N,
515,AT 2021icx,,10 Apr 2021,N,
514,AT 2021hxp,,10 Apr 2021,N,
513,AT 2021idr,,10 Apr 2021,N,
512,AT 2021ivv,PS21cyp,10 Apr 2021,N,
511,AT 2021ivu,PS21cyo,11 Apr 2021,N,
510,AT 2021hrv,,11 Apr 2021,N,
509,AT 2021ivs,PS21cyk,11 Apr 2021,N,
508,AT 2021cnl,,11 Apr 2021,N,
507,SN 2021bnf,,11 Apr 2021,N,Spectroscopic type: SN Ia-91T-like
506,AT 2021ivd,PS21cxt,11 Apr 2021,N,
505,AT 2021hnc,,11 Apr 2021,N,
504,SN 2021fwr,,11 Apr 2021,N,Spectroscopic type: SN Ia
503,SN 2021iov,,12 Apr 2021,N,Spectroscopic type: SN Ia
502,SN 2021ejn,,12 Apr 2021,N,Spectroscopic type: SN II
501,AT 2021gay,,12 Apr 2021,N,
500,AT 2021fwu,,06 Apr 2021,N,
499,AT 2021hyh,,06 Apr 2021,N,
498,AT 2021gua,,06 Apr 2021,N,
497,AT 2021gzo,,06 Apr 2021,N,
496,AT 2021hqz,,06 Apr 2021,N,
495,AT 2021gvl,,06 Apr 2021,N,
494,AT 2021bbd,,06 Apr 2021,N,
493,SN 2021bjw,,06 Apr 2021,N,Spectroscopic type: SN Ia
492,SN 2021hol,,06 Apr 2021,N,Spectroscopic type: SN Ia
491,AT 2020aewm,,06 Apr 2021,N,
490,AT 2021ich,,06 Apr 2021,N,
489,AT 2021htf,,06 Apr 2021,N,
488,AT 2021guf,,06 Apr 2021,N,
487,AT 2021gzm,,06 Apr 2021,N,
486,AT 2021bvk,,06 Apr 2021,N,
485,AT 2021cwr,,06 Apr 2021,N,
484,AT 2021hiv,,06 Apr 2021,N,
483,AT 2021hjp,,06 Apr 2021,N,
482,AT 2021dfk,,06 Apr 2021,N,
481,AT 2021fod,,06 Apr 2021,N,
480,AT 2021fpn,,06 Apr 2021,N,
479,AT 2021hzh,,06 Apr 2021,N,
478,AT 2021hrj,,06 Apr 2021,N,
477,SN 2021dsi,,06 Apr 2021,N,Spectroscopic type: SN Ia
476,SN 2021cys,,05 Apr 2021,N,Spectroscopic type: SN Ia
475,SN 2021zu,,03 Apr 2021,N,Spectroscopic type: SN Ia
474,AT 2021gtr,,03 Apr 2021,N,
473,AT 2021uc,,03 Apr 2021,N,
472,AT 2021dkh,,03 Apr 2021,N,
471,AT 2021gbf,,03 Apr 2021,N,
470,SN 2021gvm,,03 Apr 2021,N,Spectroscopic type: SN
469,AT 2021bel,,03 Apr 2021,N,
468,AT 2021ggb,,03 Apr 2021,N,
467,SN 2021ckc,,03 Apr 2021,N,Spectroscopic type: SN Ia
466,AT 2021gej,,03 Apr 2021,N,
465,AT 2021efi,,03 Apr 2021,N,
464,AT 2021gsm,,02 Apr 2021,N,
463,AT 2021eps,,02 Apr 2021,N,
462,SN 2021ecv,,02 Apr 2021,N,Spectroscopic type: SN Ia
461,AT 2021hls,,02 Apr 2021,N,
460,AT 2021ftd,,02 Apr 2021,N,
459,SN 2021dov,,02 Apr 2021,N,Spectroscopic type: SN Ia
458,AT 2021hbc,,02 Apr 2021,N,
457,AT 2021czt,,02 Apr 2021,N,
456,SN 2021dvn,,02 Apr 2021,N,Spectroscopic type: SN Ia
455,AT 2021gqs,,02 Apr 2021,N,
454,AT 2021grc,,02 Apr 2021,N,
453,AT 2021grj,,02 Apr 2021,N,
452,AT 2021fqo,,02 Apr 2021,N,
451,AT 2021giv,,02 Apr 2021,N,
450,SN 2021fwz,,02 Apr 2021,N,
449,AT 2021hmd,,02 Apr 2021,N,
448,AT 2021dgh,,02 Apr 2021,N,
447,AT 2021hau,,02 Apr 2021,N,
446,AT 2021dqn,,02 Apr 2021,N,
445,AT 2021hix,,02 Apr 2021,N,
444,AT 2021cwe,,01 Apr 2021,N,
443,AT 2021hcb,,01 Apr 2021,N,
442,AT 2021fzx,,01 Apr 2021,N,
441,AT 2021dew,,01 Apr 2021,N,
440,AT 2021fyq,,01 Apr 2021,N,
439,SN 2021fnt,,01 Apr 2021,N,Spectroscopic type: SN Ia
438,AT 2021fzw,,01 Apr 2021,N,
437,AT 2021cgw,,01 Apr 2021,N,
436,AT 2021gjf,,01 Apr 2021,N,
435,SN 2021hdt,,01 Apr 2021,N,Spectroscopic type: SN II
434,AT 2021goj,PS21cbs,20 Mar 2021,N,
433,AT 2021gnq,PS21cbe,20 Mar 2021,N,
432,AT 2021gom,PS21cbv,20 Mar 2021,N,
431,AT 2021dkq,,20 Mar 2021,N,
430,AT 2021gpm,PS21ccy,20 Mar 2021,N,
429,AT 2021gol,PS21cbu,20 Mar 2021,N,
428,AT 2021goe,PS21cbn,20 Mar 2021,N,
427,AT 2021gnv,PS21cbh,20 Mar 2021,N,
426,AT 2021goo,PS21cbx,20 Mar 2021,N,
425,AT 2021gnp,PS21cbd,20 Mar 2021,N,
424,AT 2021gof,PS21cbo,20 Mar 2021,N,
423,AT 2021gov,PS21cce,20 Mar 2021,N,
422,AT 2021ckw,,20 Mar 2021,N,
421,AT 2021god,PS21cbm,20 Mar 2021,N,
420,AT 2021gow,PS21ccf,20 Mar 2021,N,
419,AT 2021gon,PS21cbw,20 Mar 2021,N,
418,AT 2021gog,PS21cbp,20 Mar 2021,N,
417,AT 2021gop,PS21cby,20 Mar 2021,N,
416,AT 2021gos,PS21ccb,20 Mar 2021,N,
415,AT 2021goq,PS21cbz,20 Mar 2021,N,
414,AT 2021goc,PS21cbl,21 Mar 2021,N,
413,AT 2021gpd,PS21cco,21 Mar 2021,N,
412,SN 2021dlb,,22 Mar 2021,N,Spectroscopic type: SN Ia
411,AT 2021gum,PS21cgc,22 Mar 2021,N,
410,AT 2021gto,PS21cel,22 Mar 2021,N,
409,AT 2021bsz,,22 Mar 2021,N,
408,AT 2021eia,,22 Mar 2021,N,
407,AT 2021dft,,22 Mar 2021,N,
406,AT 2021gmi,,22 Mar 2021,N,
405,AT 2020acvo,,22 Mar 2021,N,
404,AT 2021guk,PS21cfz,22 Mar 2021,N,
403,SN 2021agf,,22 Mar 2021,N,Spectroscopic type: SN Ia-91T-like
402,AT 2021guj,PS21cfy,22 Mar 2021,N,
401,AT 2021gug,PS21cfp,22 Mar 2021,N,
400,AT 2021dto,,22 Mar 2021,N,
399,AT 2021guh,PS21cfv,22 Mar 2021,N,
398,SN 2021fos,,22 Mar 2021,N,Spectroscopic type: SN Ia
397,AT 2021gik,,22 Mar 2021,N,
396,SN 2021csp,,22 Mar 2021,N,Spectroscopic type: SN Icn
395,AT 2021gbr,,22 Mar 2021,N,
394,SN 2021dhx,,22 Mar 2021,N,Spectroscopic type: SN II
393,AT 2021byn,,22 Mar 2021,N,
392,SN 2021dgm,,22 Mar 2021,N,Spectroscopic type: SN Ia
391,AT 2021gui,PS21cfx,22 Mar 2021,N,
390,AT 2020acah,,22 Mar 2021,N,
389,AT 2021gpt,,22 Mar 2021,N,
388,AT 2020abzd,,22 Mar 2021,N,
387,AT 2021gtm,PS21cej,22 Mar 2021,N,
386,AT 2021gvo,PS21chv,22 Mar 2021,N,
385,SN 2021aqy,,22 Mar 2021,N,Spectroscopic type: SN Ia
384,AT 2021gtn,PS21cek,22 Mar 2021,N,
383,SN 2021alq,,22 Mar 2021,N,Spectroscopic type: SN II
382,SN 2021fxm,,22 Mar 2021,N,Spectroscopic type: SN II
381,SN 2021cta,,22 Mar 2021,N,Spectroscopic type: SN Ia
380,AT 2021guy,PS21che,22 Mar 2021,N,
379,AT 2021gut,PS21cgh,22 Mar 2021,N,
378,AT 2021gwi,PS21cif,22 Mar 2021,N,
377,AT 2021gif,,22 Mar 2021,N,
376,AT 2021gwj,PS21cig,22 Mar 2021,N,
375,AT 2021gwh,PS21cie,22 Mar 2021,N,
374,AT 2021gxn,PS21cja,22 Mar 2021,N,
373,AT 2021gxw,PS21cjg,22 Mar 2021,N,
372,SN 2021cdi,,23 Mar 2021,N,Spectroscopic type: SN Ia
371,AT 2021gfv,,23 Mar 2021,N,
370,AT 2021guq,PS21cgg,23 Mar 2021,N,
369,SN 2021bxq,,23 Mar 2021,N,Spectroscopic type: SN IIn
368,AT 2021fqm,,23 Mar 2021,N,
367,AT 2021gxu,PS21cje,23 Mar 2021,N,
366,SN 2020uaq,,23 Mar 2021,N,Spectroscopic type: SN IIn
365,SN 2021fnc,,23 Mar 2021,N,Spectroscopic type: SN II
364,AT 2021gup,PS21cgf,23 Mar 2021,N,
363,AT 2021gxp,PS21cjb,23 Mar 2021,N,
362,AT 2021gic,,23 Mar 2021,N,
361,AT 2021gxt,PS21cjd,23 Mar 2021,N,
360,AT 2021gxx,PS21cjh,23 Mar 2021,N,
359,AT 2021fyy,,24 Mar 2021,N,
358,AT 2021hbs,PS21ckp,24 Mar 2021,N,
357,AT 2021hgp,PS21cnx,24 Mar 2021,N,
356,SN 2021enz,,27 Mar 2021,N,Spectroscopic type: SN II
355,SN 2021cdo,,27 Mar 2021,N,Spectroscopic type: SN Ia
354,SN 2020qxp,,27 Mar 2021,N,Spectroscopic type: SN Ia
353,AT 2021gvy,,27 Mar 2021,N,
352,SN 2021gkk,,29 Mar 2021,N,Spectroscopic type: SN Ia
351,SN 2021bql,,29 Mar 2021,N,Spectroscopic type: SN II
350,AT 2021gdv,,29 Mar 2021,N,
349,SN 2020adis,,29 Mar 2021,N,Spectroscopic type: SN Ia-91T-like
348,AT 2021dgp,,29 Mar 2021,N,
347,AT 2021gdg,,29 Mar 2021,N,
346,AT 2020acvy,,20 Jan 2021,N,
345,AT 2020acex,,20 Jan 2021,N,
344,SN 2020pub,,19 Jan 2021,N,Spectroscopic type: SN II
343,SN 2020adow,,19 Jan 2021,N,Spectroscopic type: SN Ic-BL
342,AT 2020acbs,,18 Jan 2021,N,
341,AT 2020aeda,,17 Jan 2021,N,
340,AT 2019zy,,17 Jan 2021,N,
339,AT 2020aetm,,17 Jan 2021,N,
338,AT 2021up,,16 Jan 2021,N,
337,AT 2021px,,16 Jan 2021,N,
336,SN 2020adfj,,03 Jan 2021,N,Spectroscopic type: SN II
335,AT 2021kl,PS21bd,03 Jan 2021,N,
334,SN 2020abjq,,03 Jan 2021,N,
333,AT 2021bf,,03 Jan 2021,N,
332,AT 2021kc,PS21as,04 Jan 2021,N,
331,SN 2020aatc,,04 Jan 2021,N,Spectroscopic type: SN Ia
330,AT 2021jx,PS21aj,04 Jan 2021,N,
329,AT 2021kb,PS21ap,04 Jan 2021,N,
328,AT 2020aczc,,04 Jan 2021,N,
327,AT 2021kg,PS21aw,04 Jan 2021,N,
326,AT 2021ak,,04 Jan 2021,N,
325,AT 2021kk,PS21bb,05 Jan 2021,N,
324,AT 2021mt,PS21bu,05 Jan 2021,N,
323,AT 2021fe,,05 Jan 2021,N,
322,AT 2021kd,PS21at,05 Jan 2021,N,
321,AT 2021gg,PS21v,05 Jan 2021,N,
320,AT 2021eo,,05 Jan 2021,N,
319,AT 2021jy,PS21ak,05 Jan 2021,N,
318,AT 2021ky,PS21bl,05 Jan 2021,N,
317,AT 2020aetj,PS21al,05 Jan 2021,N,
316,AT 2021ki,PS21ay,05 Jan 2021,N,
315,AT 2021ke,PS21au,06 Jan 2021,N,
314,SN 2021K,,06 Jan 2021,N,Spectroscopic type: SN Ia
313,AT 2021fi,,06 Jan 2021,N,
312,AT 2020abht,,06 Jan 2021,N,
311,SN 2020zys,,06 Jan 2021,N,Spectroscopic type: SN II
310,AT 2021ou,PS21ce,06 Jan 2021,N,
309,AT 2021bv,,06 Jan 2021,N,
308,AT 2021ox,PS21cl,06 Jan 2021,N,
307,AT 2020acec,,06 Jan 2021,N,
306,AT 2021kf,PS21av,06 Jan 2021,N,
305,AT 2021ow,PS21ck,06 Jan 2021,N,
304,SN 2020aerb,,06 Jan 2021,N,Spectroscopic type: SN Ia
303,AT 2021ka,PS21an,06 Jan 2021,N,
302,SN 2020acma,,06 Jan 2021,N,Spectroscopic type: SN Ia
301,SN 2020adqy,,06 Jan 2021,N,Spectroscopic type: SN Ia
300,AT 2020ueh,,06 Jan 2021,N,
299,SN 2020acew,,06 Jan 2021,N,Spectroscopic type: SN Ia
298,AT 2021op,PS21by,06 Jan 2021,N,
297,AT 2021jz,PS21am,06 Jan 2021,N,
296,AT 2021or,PS21cc,06 Jan 2021,N,
295,AT 2020abht,,06 Jan 2021,N,
294,AT 2020adgd,,06 Jan 2021,N,
293,AT 2021bq,,06 Jan 2021,N,
292,AT 2021dz,,06 Jan 2021,N,
291,SN 2021do,,06 Jan 2021,N,Spectroscopic type: SN Ic
290,AT 2021ka,,06 Jan 2021,N,
289,AT 2021ma,PS21bm,06 Jan 2021,N,
288,SN 2021cn,,06 Jan 2021,N,
287,AT 2021oy,PS21cm,06 Jan 2021,N,
286,AT 2021ot,PS21cd,06 Jan 2021,N,
285,AT 2021ev,,06 Jan 2021,N,
284,SN 2020aeko,,06 Jan 2021,N,
283,AT 2021kj,PS21ba,06 Jan 2021,N,
282,AT 2020aciu,,06 Jan 2021,N,
281,AT 2021zc,PS21fd,06 Jan 2021,N,
280,AT 2020acnj,,06 Jan 2021,N,
279,AT 2021eb,,06 Jan 2021,N,
278,AT 2021oz,PS21cn,06 Jan 2021,N,
277,AT 2020aeup,PS21cf,06 Jan 2021,N,
276,AT 2020abhw,,06 Jan 2021,N,
275,AT 2021oq,PS21bz,06 Jan 2021,N,
274,AT 2020ackn,,07 Jan 2021,N,
273,AT 2021ks,PS21bk,07 Jan 2021,N,
272,AT 2021tr,PS21dw,08 Jan 2021,N,
271,AT 2021tq,PS21dq,08 Jan 2021,N,
270,AT 2021xi,,08 Jan 2021,N,
269,SN 2020addp,,08 Jan 2021,N,Spectroscopic type: SN IIP
268,AT 2021wl,PS21ed,09 Jan 2021,N,
267,AT 2020aaqa,,09 Jan 2021,N,
266,SN 2021fv,,09 Jan 2021,N,Spectroscopic type: SN Ia
265,AT 2021sx,PS21dh,09 Jan 2021,N,
264,AT 2021nj,,09 Jan 2021,N,
263,AT 2021wk,PS21ec,09 Jan 2021,N,
262,AT 2021ym,,09 Jan 2021,N,
261,AT 2020aeuu,,09 Jan 2021,N,
260,AT 2020aazx,,09 Jan 2021,N,
259,AT 2020nmz,,09 Jan 2021,N,
258,AT 2020adfb,,10 Jan 2021,N,
257,SN 2021pc,,10 Jan 2021,N,Spectroscopic type: SN Ia
256,SN 2021ok,,10 Jan 2021,N,Spectroscopic type: SN II
255,SN 2020ytk,,10 Jan 2021,N,Spectroscopic type: SN II
254,AT 2021iv,,10 Jan 2021,N,
253,SN 2020acts,,10 Jan 2021,N,Spectroscopic type: SN Ia
252,AT 2021zl,PS21fs,11 Jan 2021,N,
251,AT 2020acit,,11 Jan 2021,N,
250,SN 2020adjx,,11 Jan 2021,N,Spectroscopic type: SN Ia
249,AT 2021qd,,11 Jan 2021,N,
248,SN 2021ls,,11 Jan 2021,N,Spectroscopic type: SN Ia
247,AT 2020adqp,,11 Jan 2021,N,
246,SN 2020xba,,11 Jan 2021,N,
245,AT 2020vox,,15 Jan 2021,N,
244,AT 2020aenu,,15 Jan 2021,N,
243,AT 2020adlz,,15 Jan 2021,N,
242,AT 2019aair,,15 Jan 2021,N,
241,AT 2020adyo,PS20nbg,28 Dec 2020,N,
240,AT 2020adyr,PS20nbl,28 Dec 2020,N,
239,SN 2020acfj,,28 Dec 2020,N,Spectroscopic type: SN Ia
238,AT 2020adyq,PS20nbi,28 Dec 2020,N,
237,AT 2020adyn,PS20nbf,28 Dec 2020,N,
236,AT 2020adwa,PS20mxr,28 Dec 2020,N,
235,AT 2020adbj,,28 Dec 2020,N,
234,AT 2020adwi,PS20myv,28 Dec 2020,N,
233,AT 2020abkh,,28 Dec 2020,N,
232,SN 2020zgl,,28 Dec 2020,N,Spectroscopic type: SN Ib-pec
231,AT 2020adzj,PS20ncf,28 Dec 2020,N,
230,AT 2020adxj,PS20mzx,28 Dec 2020,N,
229,AT 2020adpf,PS20mpt,28 Dec 2020,N,
228,AT 2020adwj,PS20myw,28 Dec 2020,N,
227,AT 2020adyk,PS20nbb,28 Dec 2020,N,
226,AT 2020adzy,PS20ncu,28 Dec 2020,N,
225,AT 2020adzi,PS20ncd,28 Dec 2020,N,
224,AT 2020aecr,PS20nfs,27 Dec 2020,N,
223,AT 2020adyl,PS20nbc,27 Dec 2020,N,
222,AT 2020adxr,PS20nag,27 Dec 2020,N,
221,AT 2020adxg,PS20mzu,27 Dec 2020,N,
220,AT 2020aebh,PS20ned,27 Dec 2020,N,
219,AT 2020aech,PS20nff,27 Dec 2020,N,
218,AT 2020adwl,PS20myy,27 Dec 2020,N,
217,AT 2020adyc,PS20nat,27 Dec 2020,N,
216,AT 2020actu,,27 Dec 2020,N,
215,AT 2020adxk,PS20mzz,27 Dec 2020,N,
214,AT 2020abuh,,27 Dec 2020,N,
213,AT 2020adyu,PS20nbo,27 Dec 2020,N,
212,AT 2020achb,,27 Dec 2020,N,
211,AT 2020adif,,27 Dec 2020,N,
210,AT 2020adzf,PS20nca,27 Dec 2020,N,
209,AT 2020adxl,PS20naa,27 Dec 2020,N,
208,AT 2020uho,,27 Dec 2020,N,
207,AT 2020adxp,PS20nae,27 Dec 2020,N,
206,AT 2020adxv,PS20nak,27 Dec 2020,N,
205,AT 2020adyy,PS20nbt,27 Dec 2020,N,
204,AT 2020aeav,PS20ndr,27 Dec 2020,N,
203,AT 2020actg,,27 Dec 2020,N,
202,AT 2020adzu,PS20ncq,27 Dec 2020,N,
201,AT 2020aecd,PS20nfb,27 Dec 2020,N,
200,AT 2020aebt,PS20nep,27 Dec 2020,N,
199,AT 2020adyg,PS20nax,27 Dec 2020,N,
198,AT 2020aecl,PS20nfk,27 Dec 2020,N,
197,AT 2020aecy,PS20nga,27 Dec 2020,N,
196,AT 2020acwa,,27 Dec 2020,N,
195,AT 2020aebz,PS20nex,27 Dec 2020,N,
194,SN 2020advm,,27 Dec 2020,N,Spectroscopic type: SN Ia
193,AT 2020acta,,27 Dec 2020,N,
192,AT 2020aawq,,27 Dec 2020,N,
191,AT 2020acpt,PS20mds,14 Dec 2020,N,
190,AT 2020acqo,PS20mei,14 Dec 2020,N,
189,AT 2020adax,PS20mis,14 Dec 2020,N,
188,AT 2020acjj,,14 Dec 2020,N,
187,AT 2020acxx,PS20mfq,14 Dec 2020,N,
186,AT 2020adai,PS20mhz,14 Dec 2020,N,
185,AT 2020abiy,,14 Dec 2020,N,
184,AT 2020acxw,PS20mfp,14 Dec 2020,N,
183,AT 2020adda,PS20mjs,13 Dec 2020,Y,https://wis-tns.weizmann.ac.il/object/2020adda
182,AT 2020zoj,, 13 Dec 2020, N,
181,AT 2020adcl, PS20mjn, 13 Dec 2020, N,
180,AT 2020acpk, PS20mdh, 13 Dec 2020, N,
179,AT 2020aclp, PS20mbs, 12 Dec 2020, N, 
178,AT 2020acly , [PS20mca] ,11 Dec 2020 - 12 Dec 2020,N,confirmed cataclysmic variable
177,AT 2020acnd , [PS20mco],11 Dec 2020 - 12 Dec 2020,N,
176,AT 2020acne , [PS20mcp],11 Dec 2020 - 12 Dec 2020,N,
175,AT 2020acnc , [PS20mcn],11 Dec 2020 - 12 Dec 2020,N,
174,AT 2020acnb , [PS20mcm],11 Dec 2020 - 12 Dec 2020,N,
173,AT 2020acmx , [PS20mci],11 Dec 2020 - 12 Dec 2020,N,
172,AT 2020acmz , [PS20mck],11 Dec 2020 - 12 Dec 2020,N,
171,AT 2020acmv , [PS20mcf],11 Dec 2020 - 12 Dec 2020,N,
170,AT 2020acmu , [PS20mce],11 Dec 2020 - 12 Dec 2020,N,
169,AT 2020acms , [PS20mcc],11 Dec 2020 - 12 Dec 2020,N,
168,AT 2017gtv , PS17epf,19 Sep 2017 - 25 Sep 2017,N,
167,AT 2017gss , PS17epb,19 Sep 2017 - 25 Sep 2017,N,
166,AT 2017gst , PS17epa,19 Sep 2017 - 25 Sep 2017,N,
165,AT 2017goq , PS17enm,14 Aug 2017 - 20 Aug 2017,N,
164,AT 2017gcg , PS17eeh,1 Aug 2017 - 7 Aug 2017,N,
163,AT 2017fyi , PS17dzf,1 Aug 2017 - 7 Aug 2017,N,
162,AT 2017gcm , PS17eev,1 Aug 2017 - 7 Aug 2017,N,
161,AT 2017gcu , PS17eep,1 Aug 2017 - 7 Aug 2017,N,
160,AT 2017gcr , PS17eek,1 Aug 2017 - 7 Aug 2017,N,
159,AT 2017gcw , PS17eer,1 Aug 2017 - 7 Aug 2017,N,
158,AT 2017fzc , PS17dzs,1 Aug 2017 - 7 Aug 2017,N,
157,AT 2017fic , PS17dqz,17 Jul 2017 - 24 Jul 2017,N,
156,AT 2017dxc , PS17cyf,09 May 2017 - 15 May 2017,N,
153,AT 2017clf , PS17bwu,28 Mar 2017 - 03 Apr 2017,N,
152,AT 2017cnb , PS17byj,28 Mar 2017 - 03 Apr 2017,N,
151,AT 2017cmj , PS17bwv,28 Mar 2017 - 03 Apr 2017,N,
150,AT 2017cky , PS17bwq,28 Mar 2017 - 03 Apr 2017,N,
149,AT 2017cmn , PS17bwr,28 Mar 2017 - 03 Apr 2017,N,
148,AT 2017cle , PS17bxb,28 Mar 2017 - 03 Apr 2017,N,
147,AT 2017cgo , PS17bvp,21 Mar 2017 - 27 Mar 2017,N,
146,AT 2017chf , PS17bvf,21 Mar 2017 - 27 Mar 2017,N,
145,AT 2017cgw , PS17buu,21 Mar 2017 - 27 Mar 2017,N,
144	,AT 2017bmv , PS17boj,22 Feb 2017 - 28 Feb 2017,Y,https://wis-tns.weizmann.ac.il/object/2017bmv
143	,AT 2017bjo , PS17bmj,22 Feb 2017 - 28 Feb 2017,Y,https://wis-tns.weizmann.ac.il/object/2017bjo
142	,AT 2017bhs , PS17bli,22 Feb 2017 - 28 Feb 2017,N,
141	,AT 2017bmt , PS17bol,22 Feb 2017 - 28 Feb 2017,N,
140	,AT 2017bmf , PS17bon,22 Feb 2017 - 28 Feb 2017,N,
139	,AT 2017blt , PS17boo,22 Feb 2017 - 28 Feb 2017,N,
138	,AT 2017bli , PS17boq,22 Feb 2017 - 28 Feb 2017,N,
137	,AT 2017blc , PS17bmw,22 Feb 2017 - 28 Feb 2017,N,
136	,AT 2017bln , PS17boa,22 Feb 2017 - 28 Feb 2017,N,
135,AT 2017bht , PS17blk, 22 Feb 2017 - 28 Feb 2017,N,
134,AT 2017axt , PS17bhk,4 Feb 2017 - 21 Feb 2017,Y,https://wis-tns.weizmann.ac.il/object/2017axt
133,AT 2017axn , PS17bhm,14 Feb 2017 - 21 Feb 2017,N,
132,AT 2017aes , PS17anq,07 Feb 2017 - 13 Feb 2017,N,
131	,AT 2017afi , PS17amy,07 Feb 2017 - 13 Feb 2017,N,
130	,AT 2017agj , PS17apx,07 Feb 2017 - 13 Feb 2017,N,
129	,AT 2017ach , PS17alh,07 Feb 2017 - 13 Feb 2017,N,
128	,AT 2017aax , PS17akt,07 Feb 2017 - 13 Feb 2017,Y,https://wis-tns.weizmann.ac.il/object/2017aax
127	,AT 2017alo , PS17ary,07 Feb 2017 - 13 Feb 2017,N,
126	,AT 2017aor , PS17awr,07 Feb 2017 - 13 Feb 2017,N,
125	,AT 2017aaz , PS17akv,07 Feb 2017 - 13 Feb 2017,N,
124	,AT 2017adp , PS17anr,07 Feb 2017 - 13 Feb 2017,Y,https://wis-tns.weizmann.ac.il/object/2017adp
123	,AT 2017zw , PS17akf,07 Feb 2017 - 13 Feb 2017,N,
122	,AT 2017ack , PS17alm,07 Feb 2017 - 13 Feb 2017,N,
121	,AT 2017acy , PS17aly,07 Feb 2017 - 13 Feb 2017,N,
120	,AT 2017aeb , PS17hx,07 Feb 2017 - 13 Feb 2017,N,
119	,AT 2017aaj , PS17aka,07 Feb 2017 - 13 Feb 2017,N,
118	,AT 2017acx , PS17alv,07 Feb 2017 - 13 Feb 2017,N,
117	,AT 2017abm , PS17akr,07 Feb 2017 - 13 Feb 2017,N,
116	,AT 2017abl , PS17ako,07 Feb 2017 - 13 Feb 2017,Y,https://wis-tns.weizmann.ac.il/object/2017abl
115	,AT 2017add , PS17amb,07 Feb 2017 - 13 Feb 2017,N,
114	,AT 2017aml , PS17ava,07 Feb 2017 - 13 Feb 2017,N,
113	,AT 2017aop , PS17awq,07 Feb 2017 - 13 Feb 2017,Y,https://wis-tns.weizmann.ac.il/object/2017aop
112	,AT 2017zy , PS17akh,07 Feb 2017 - 13 Feb 2017,Y,https://wis-tns.weizmann.ac.il/object/2017zy
111	,AT 2017aab , PS17aki,07 Feb 2017 - 13 Feb 2017,Y,https://wis-tns.weizmann.ac.il/object/2017aab
110	,AT 2017aly , PS17avc,07 Feb 2017 - 13 Feb 2017,N,
109	,AT 2017ano , PS17avp,07 Feb 2017 - 13 Feb 2017,N,
108	,AT 2017asg , PS17baq,07 Feb 2017 - 13 Feb 2017,N,
107	,AT 2017aea , PS17anh,07 Feb 2017 - 13 Feb 2017,N,
106	,AT 2017ado , PS17ang,07 Feb 2017 - 13 Feb 2017,Y,https://wis-tns.weizmann.ac.il/object/2017ado
105	,AT 2017adq , PS17anm,07 Feb 2017 - 13 Feb 2017,N,
104	,AT 2017amp , PS17aux,07 Feb 2017 - 13 Feb 2017,N,
103	,AT 2017adl , PS17ano,07 Feb 2017 - 13 Feb 2017,N,
102	,AT 2017adb , PS17alz,07 Feb 2017 - 13 Feb 2017,Y,https://wis-tns.weizmann.ac.il/object/2017adb
101	,AT 2017zx , PS17ake,07 Feb 2017 - 13 Feb 2017,N,
100,AT 2017arf , PS17bas,07 Feb 2017 - 13 Feb 2017,N,
99,AT 2017alx , PS17avd,07 Feb 2017 - 13 Feb 2017,Y,https://wis-tns.weizmann.ac.il/object/2017alx
98,AT 2017ais,PS17ato,24 Jan 2017 - 30 Jan 2017,N,
97,AT 2017alb,PS17atj,24 Jan 2017 - 30 Jan 2017,Y,https://wis-tns.weizmann.ac.il/object/2017alb
95,AT 2017ug ,PS17ahi,24 Jan 2017 - 30 Jan 2017,N,
94,AT 2017ajf ,PS17aqa,24 Jan 2017 - 30 Jan 2017,N,
93,AT 2017ann ,PS17avm,24 Jan 2017 - 30 Jan 2017,N,
92,AT 2017asz ,PS17azz,24 Jan 2017 - 30 Jan 2017,N,
91,AT 2017ail ,PS17asu,24 Jan 2017 - 30 Jan 2017,N,
90,AT 2017aji ,PS17asz,24 Jan 2017 - 30 Jan 2017,N,
89,AT 2017air ,PS17ud,24 Jan 2017 - 30 Jan 2017,Y,https://wis-tns.weizmann.ac.il/object/2017air
88,AT 2017rg,PS17agm,24 Jan 2017 - 30 Jan 2017,N,
87,AT 2017asi,PS17bad,24 Jan 2017 - 30 Jan 2017,N,
86,AT 2017ec ,PS17axn,24 Jan 2017 - 30 Jan 2017,N,
85,AT 2017ajb ,PS17aqz,24 Jan 2017 - 30 Jan 2017,N,
84,AT 2017re,PS17agj,24 Jan 2017 - 30 Jan 2017,N,
83,AT 2017ajl,PS17atb,24 Jan 2017 - 30 Jan 2017,N,
82,AT 2017vs,PS17ait,24 Jan 2017 - 30 Jan 2017,N,
81,AT 2017apo ,PS17axo,24 Jan 2017 - 30 Jan 2017,N,
80,AT 2017aha ,PS17aow,24 Jan 2017 - 30 Jan 2017,N,
79,AT 2017aii ,PS17ari,24 Jan 2017 - 30 Jan 2017,N,
78,AT 2017ala ,PS17atl,24 Jan 2017 - 30 Jan 2017,N,
77,AT 2017vj,PS17aiu,24 Jan 2017 - 30 Jan 2017,N,
76,AT 2017tk,PS17ahr,24 Jan 2017 - 30 Jan 2017,Y,https://wis-tns.weizmann.ac.il/object/2017tk
75,AT 2017agx , PS17apf,24 Jan 2017 - 30 Jan 2017,N,
74,AT 2017us ,PS17aie,24 Jan 2017 - 30 Jan 2017,N,
73,AT 2017akz,PS17atm,24 Jan 2017 - 30 Jan 2017,N,
72,AT 2017ajg,PS17arc,24 Jan 2017 - 30 Jan 2017,N,
71,AT 2017to ,PS17agv,24 Jan 2017 - 30 Jan 2017,N,
70,AT 2017tp,PS17agw,24 Jan 2017 - 30 Jan 2017,Y,https://wis-tns.weizmann.ac.il/object/2017tp
69,AT 2017tt ,PS17ags,24 Jan 2017 - 30 Jan 2017,N,
68,AT 2017vl ,PS17ail,24 Jan 2017 - 30 Jan 2017,N,
67,AT 2017qr,PS17ace,24 Jan 2017 - 30 Jan 2017,N,
66,AT 2017atc,PS17azx,24 Jan 2017 - 30 Jan 2017,N,
65,AT 2016iam,PS16fae,15 Nov 2016 - 21 Nov 2016,N,
64,AT 2016hxw,PS16ezd,15 Nov 2016 - 21 Nov 2016,N,
63,AT 2016iai,PS16faa,15 Nov 2016 - 21 Nov 2016,N,
62,AT 2016hye,PS16eyu,08 Nov 2016 - 14 Nov 2016,Y,https://wis-tns.weizmann.ac.il/object/2016hye
61,AT 2016hvk,PS16exu,08 Nov 2016 - 14 Nov 2016,N,
60,AT 2016hqc,PS16evj,02 Nov 2016 - 08 Nov 2016,N,
59,AT 2016hpm,PS16evh,02 Nov 2016 - 08 Nov 2016,N,
58,AT 2016hny,PS16esz,02 Nov 2016 - 08 Nov 2016,N,
57,AT 2016hoi,PS16etz,02 Nov 2016 - 08 Nov 2016,N,
56,AT 2016hnt,PS16etc,02 Nov 2016 - 08 Nov 2016,Y,https://wis-tns.weizmann.ac.il/object/2016hnt
55,AT 2016hqd,PS16evi,02 Nov 2016 - 08 Nov 2016,N,
54,AT 2016hoj,PS16eua,02 Nov 2016 - 08 Nov 2016,N,
53,AT 2016htv,PS16ewl,02 Nov 2016 - 08 Nov 2016,N,
52,AT 2016hpj,PS16euk,02 Nov 2016 - 08 Nov 2016,Y,https://wis-tns.weizmann.ac.il/object/2016hpj
51,AT 2016hpb,PS16etw,02 Nov 2016 - 08 Nov 2016,Y,https://wis-tns.weizmann.ac.il/object/2016hpb
50,AT 2016hqq,PS16ewb,26 Oct 2016 - 01 Nov 2016,N,
49,AT 2016hqx,PS16evr,26 Oct 2016 - 01 Nov 2016,Y,https://wis-tns.weizmann.ac.il/object/2016hqx
48,AT 2016gzn,PS16eni,10 Oct 2016 - 17 Oct 2016,N,
47,AT 2016hbe,PS16ens,10 Oct 2016 - 17 Oct 2016,N,
46,AT 2016hbh,PS16eob,10 Oct 2016 - 17 Oct 2016,N,
45,AT 2016hiy,PS16epx,10 Oct 2016 - 17 Oct 2016,N,
44,AT 2016gvz,PS16emi,03 Oct 2016 - 09 Oct 2016,N,
43,AT 2016grc,PS16elv,03 Oct 2016 - 09 Oct 2016,N,
42,AT 2016grd,PS16elu,03 Oct 2016 - 09 Oct 2016,N,
41,AT 2016gvb,PS16emc,03 Oct 2016 - 09 Oct 2016,Y,https://wis-tns.weizmann.ac.il/object/2016gvb
40,AT 2016gwg,PS16emp,03 Oct 2016 - 09 Oct 2016,N,
39,AT 2016gvx,PS16emh,03 Oct 2016 - 09 Oct 2016,N,
38,AT 2016gwc,PS16emm,03 Oct 2016 - 09 Oct 2016,N,
37,AT 2016gln,PS16eka,28 Sept 2016 - 02 Oct 2016,N,
36,AT 2016ejs,PS16ekb,28 Sept 2016 - 02 Oct 2016,N,
35,AT 2016gnn,PS16ekk,28 Sept 2016 - 02 Oct 2016,N,
34,AT 2016glm,PS16ejy,28 Sept 2016 - 02 Oct 2016,N,
33,AT 2016glw,PS16eju,28 Sept 2016 - 02 Oct 2016,N,
32,AT 2016gkt,PS16ejh,28 Sept 2016 - 02 Oct 2016,N,
31,AT 2016ghs,PS16eio,20 Sept 2016 - 27 Sept 2016,N,
30,AT 2016gje,PS16eiu,20 Sept 2016 - 27 Sept 2016,Y,https://wis-tns.weizmann.ac.il/object/2016gje
29,AT 2016ght,PS16eip,20 Sept 2016 - 27 Sept 2016,Y,https://wis-tns.weizmann.ac.il/object/2016ght
28,AT 2016fop,PS16ein,20 Sept 2016 - 27 Sept 2016,N,
27,AT 2016gjg,PS16eiw,20 Sept 2016 - 27 Sept 2016,Y,https://wis-tns.weizmann.ac.il/object/2016gjg
26,AT 2016gli,PS16ekf,20 Sept 2016 - 27 Sept 2016,Y,https://wis-tns.weizmann.ac.il/object/2016gli
25,AT 2016glk,PS16ekd,20 Sept 2016 - 27 Sept 2016,Y,https://wis-tns.weizmann.ac.il/object/2016glk
24,AT 2016gdg,PS16ehu,03 Sept 2016 - 19 Sept 2016,N,
23,AT 2016gdk,PS16ehy,03 Sept 2016 - 19 Sept 2016,N,
22,AT 2016gdd,PS16ehp,03 Sept 2016 - 19 Sept 2016,Y,https://wis-tns.weizmann.ac.il/object/2016gdd
21,AT 2016fub,PS16ecm,07 Sept 2016 - 12 Sept 2016,N,
20,AT 2016fzi,PS16ehj,07 Sept 2016 - 12 Sept 2016,N,
19,AT 2016ftf,PS16ebr,31 Aug 2016 - 06 Sept 2016,Y,https://wis-tns.weizmann.ac.il/object/2016ftf
18,AT 2016ftk,PS16ebl,31 Aug 2016 - 06 Sept 2016,N,
17,AT 2016ftp,PS16ebn,31 Aug 2016 - 06 Sept 2016,N,
16,AT 2016ftg,PS16ebq,31 Aug 2016 - 06 Sept 2016,Y,https://wis-tns.weizmann.ac.il/object/2016ftg
15,AT 2016fth,PS16ebs,31 Aug 2016 - 06 Sept 2016,N,
14,AT 2016ftl,PS16ebm,31 Aug 2016 - 06 Sept 2016,Y,https://wis-tns.weizmann.ac.il/object/2016ftl
13,AT 2016fon,PS16eaw,31 Aug 2016 - 06 Sept 2016,N,
12,AT 2016fto,PS16ebj,31 Aug 2016 - 06 Sept 2016,N,
11,AT 2016fni,PS16eao,31 Aug 2016 - 06 Sept 2016,Y,https://wis-tns.weizmann.ac.il/object/2016fni
10,AT 2016fnh,PS16eap,31 Aug 2016 - 06 Sept 2016,N,
9,AT 2016ftq,PS16ebo,31 Aug 2016 - 06 Sept 2016,N,
8,AT 2016ftr,PS16ebp,31 Aug 2016 - 06 Sept 2016,N,
7,AT 2016ftn,PS16ebi,31 Aug 2016 - 06 Sept 2016,N,
6,AT 2016ftj,PS16ebk,31 Aug 2016 - 06 Sept 2016,N,
5,AT 2016fnd,PS16eal,31 Aug 2016 - 06 Sept 2016,Y,https://wis-tns.weizmann.ac.il/object/2016fnd
4,AT 2016fti,PS16ebt,31 Aug 2016 - 06 Sept 2016,Y,https://wis-tns.weizmann.ac.il/object/2016fti
3,AT 2016fnf,PS16ean,31 Aug 2016 - 06 Sept 2016,N,
2,AT 2016fng,PS16eam,31 Aug 2016 - 06 Sept 2016,Y,https://wis-tns.weizmann.ac.il/object/2016fng
1,AT 2016ftm,PS16ebh,31 Aug 2016 - 06 Sept 2016,N,
